{
  "version": "puzzleStateV2",
  "savedAt": 1762855617853,
  "layout": { "rows": 2, "cols": 2 },
  "ui": {
    "zoomLevel": 0.8500586757379035,
    "panX": -74.23708908205734,
    "panY": -102.87703117308789,
    "sliderValue": 1
  },
  "totalPieces": 4,
  "pieces": [
    {
      "id": 0,
      "gridX": 0,
      "gridY": 0,
      "rotation": 90,
      "displayX": 398.9349793756697,
      "displayY": 158.94961480028562,
      "groupId": "g0",
      "edges": { "north": 0, "east": -1, "south": 1, "west": 0 },
      "corners": {
        "nw": { "x": 0, "y": 0 },
        "ne": { "x": 405.07147831996747, "y": 0 },
        "se": { "x": 458.82462606491464, "y": 962.8502604028581 },
        "sw": { "x": 0, "y": 972.707466296548 }
      },
      "sPoints": {
        "north": null,
        "east": { "x": 382.6135886853119, "y": 544.6164127824015 },
        "south": { "x": 303.03382956650086, "y": 1014.6796901527829 },
        "west": null
      },
      "w": 458.82462606491464,
      "h": 1014.6796901527829,
      "scale": 0.7,
      "imgX": 0,
      "imgY": 0
    },
    {
      "id": 1,
      "gridX": 1,
      "gridY": 0,
      "rotation": 270,
      "displayX": 357.98169517164337,
      "displayY": 121.02344709767742,
      "groupId": "g1",
      "edges": { "north": 0, "east": 0, "south": -1, "west": 1 },
      "corners": {
        "nw": { "x": 0, "y": 0 },
        "ne": { "x": 549.9285216800325, "y": 0 },
        "se": { "x": 549.9285216800325, "y": 952.1906258880256 },
        "sw": { "x": 53.75314774494717, "y": 962.8502604028581 }
      },
      "sPoints": {
        "north": null,
        "east": null,
        "south": { "x": 400.2605023147753, "y": 895.5213465471726 },
        "west": { "x": -22.457889634655544, "y": 544.6164127824015 }
      },
      "w": 572.3864113146881,
      "h": 962.8502604028581,
      "scale": 0.7,
      "imgX": 405.07147831996747,
      "imgY": 0
    },
    {
      "id": 2,
      "gridX": 0,
      "gridY": 1,
      "rotation": 0,
      "displayX": 87.33172332793963,
      "displayY": 176.85047939216042,
      "groupId": "g2",
      "edges": { "north": -1, "east": -1, "south": 0, "west": 0 },
      "corners": {
        "nw": { "x": 0, "y": 0 },
        "ne": { "x": 458.82462606491464, "y": -9.857205893689866 },
        "se": { "x": 519.4054003314664, "y": 1075.2925337034521 },
        "sw": { "x": 0, "y": 1075.2925337034521 }
      },
      "sPoints": {
        "north": { "x": 303.03382956650086, "y": 41.972223856234905 },
        "east": { "x": 446.35261391324804, "y": 659.8568841575576 },
        "south": null,
        "west": null
      },
      "w": 519.4054003314664,
      "h": 1085.149739597142,
      "scale": 0.7,
      "imgX": 0,
      "imgY": 972.707466296548
    },
    {
      "id": 3,
      "gridX": 1,
      "gridY": 1,
      "rotation": 90,
      "displayX": 681.2196316029368,
      "displayY": 420.4840098167743,
      "groupId": "g3",
      "edges": { "north": 1, "east": 0, "south": 0, "west": 1 },
      "corners": {
        "nw": { "x": 0, "y": 0 },
        "ne": { "x": 496.17537393508536, "y": -10.659634514832533 },
        "se": { "x": 496.17537393508536, "y": 1085.149739597142 },
        "sw": { "x": 60.580774266551714, "y": 1085.149739597142 }
      },
      "sPoints": {
        "north": { "x": 346.5073545698281, "y": -67.32891385568553 },
        "east": null,
        "south": null,
        "west": { "x": -12.472012151666604, "y": 669.7140900512475 }
      },
      "w": 508.64738608675196,
      "h": 1152.4786534528275,
      "scale": 0.7,
      "imgX": 458.82462606491464,
      "imgY": 962.8502604028581
    }
  ],
  "light": true,
  "imageSource": {
    "source": "idb:img_1762855289396_5jbrr428o",
    "width": 955,
    "height": 2048,
    "imageId": "img_1762855289396_5jbrr428o"
  }
}
